1,2024-10-08T16:22:27.406Z,ethereum,uniswap,https://dexscreener.com/ethereum/0x52c77b0cb827afbad022e6d6caf2c44452edbc39,0x52c77b0CB827aFbAD022E6d6CAF2C44452eDbc39,0.0002188,0.5305,493903683,493903683,v2,SPX6900,SPX,https://dd.dexscreener.com/ds-data/tokens/ethereum/0xe0f63a424a4439cbe457d80e4f4b51ad25b2c56c.png
2,2024-10-08T16:22:27.939Z,ethereum,uniswap,https://dexscreener.com/ethereum/0x977c5fcf7a552d38adcde4f41025956855497c6d,0x977C5fcf7a552d38ADCDE4F41025956855497C6D,0.00000005283,0.0001280,12807618,12807618,v2,Real Smurf Cat,SMURFCAT,https://dd.dexscreener.com/ds-data/tokens/ethereum/0xff836a5821e69066c87e268bc51b849fab94240c.png
3,2024-10-08T16:22:28.818Z,solana,raydium,https://dexscreener.com/solana/5utwg3y3f5cx4ykodgtjwehdrx5hdkz5bzz72x8eq6ze,5uTwG3y3F5cx4YkodgTjWEHDrX5HDKZ5bZZ72x8eQ6zE,0.002001,0.2847,154941980,158210041,,PONKE,PONKE,https://dd.dexscreener.com/ds-data/tokens/solana/5z3EqYQo9HiCEs3R84RCDMu2n7anpDMxRhdK8PSWmrRC.png
4,2024-10-08T16:22:29.528Z,solana,raydium,https://dexscreener.com/solana/4xxm4cdb6mescxm52xvyqknbzvdewwspdzrbctqvguar,4xxM4cdb6MEsCxM52xvYqkNbzvdeWWsPDZrBcTqVGUar,0.0003422,0.04873,468010002,468010002,,GIGACHAD,GIGA,https://dd.dexscreener.com/ds-data/tokens/solana/63LfDmNb3MQ8mw9MtZ2To9bEA2M71kZUUGq5tiJxcqj9.png
5,2024-10-08T16:22:30.031Z,solana,raydium,https://dexscreener.com/solana/bnkdvqkwr7dwx9zmpcqtgcptfkm7wzp2ydzre218nrtv,BnkDVQKwr7DWx9zmPcqtgCpTfKm7wzp2ydzrE218nrtV,0.001714,0.2441,18292226,18292226,,Skibidi Toilet,SKBDI,https://dd.dexscreener.com/ds-data/tokens/solana/DPaQfq5sFnoqw2Sh9WMmmASFL9LNu6RdtDqwE1tab2tB.png
6,2024-10-08T16:22:31.027Z,solana,raydium,https://dexscreener.com/solana/9uutkg2u657epumxsqpx3zvw2ltraejnbvc5u61tknmb,9UUtkG2U657EpUmXsQPX3zvW2LTraejNBVc5U61tKNmb,0.00006693,0.009530,9435479,9435479,,WOMAN YELLING AT CAT,WYAC,https://dd.dexscreener.com/ds-data/tokens/solana/BEgBsVSKJSxreiCE1XmWWq8arnwit7xDqQXSWYgay9xP.png
7,2024-10-08T16:22:32.080Z,ethereum,uniswap,https://dexscreener.com/ethereum/0x0afd65ec6b286d353c42268738d66bbf56ba9de5,0x0aFd65eC6B286D353c42268738D66bbf56Ba9DE5,0.000003448,0.008360,7897119,7897119,v2,BananaCat,BCAT,https://dd.dexscreener.com/ds-data/tokens/ethereum/0x0590cc9232ebf68d81f6707a119898219342ecb9.png
8,2024-10-08T16:22:32.964Z,solana,raydium,https://dexscreener.com/solana/2umxxgh6jy63wdhhq4ydv8bjbjzlnnkgydwrqas75nnt,2umXxGh6jY63wDHHQ4yDv8BJbjzLNnKgYDwRqas75nnt,0.000006478,0.0009224,13929099,13929099,CPMM,Unicorn,UWU,https://dd.dexscreener.com/ds-data/tokens/solana/UwU8RVXB69Y6Dcju6cN2Qef6fykkq6UUNpB15rZku6Z.png
9,2024-10-08T16:22:33.749Z,solana,raydium,https://dexscreener.com/solana/4sz1x9vcdpqbz1cuuav4nivfykquxzjrbvgtp7anp9wh,4sZ1X9VCDpqBz1CuUav4NivFykquXzJrBvGtP7aNP9WH,0.00003850,0.005482,5475898,5475898,,Jesus Minion,Minion,https://dd.dexscreener.com/ds-data/tokens/solana/DqWf9DDK6H5c7KmEHkNJxnzNPSM6mzxonZJjK6yxpump.png
10,2024-10-08T16:22:34.258Z,ethereum,uniswap,https://dexscreener.com/ethereum/0xc6e40537215c1e041616478d8cfe312b1847b997,0xc6e40537215C1E041616478D8cFe312b1847b997,0.0000001390,0.0003360,13124053,13124053,v2,The Balkan Dwarf,Kekec,https://dd.dexscreener.com/ds-data/tokens/ethereum/0x8c7ac134ed985367eadc6f727d79e8295e11435c.png
11,2024-10-08T16:22:34.893Z,solana,raydium,https://dexscreener.com/solana/3cv7z8kn21m6ur6ntekikepcjtueag87ciu6cc3grnw6,3Cv7Z8KN21M6Ur6nTeKiKEPcjTuEAg87Ciu6cC3gRnw6,0.0001245,0.01775,16459334,16459334,,Chudjak,Chud,https://dd.dexscreener.com/ds-data/tokens/solana/6yjNqPzTSanBWSa6dxVEgTjePXBrZ2FoHLDQwYwEsyM6.png
12,2024-10-08T16:22:35.754Z,solana,raydium,https://dexscreener.com/solana/2bjky9pnztdvmpdhjhv8qbwejkilzebd7i2tatyjxaze,2BJKy9pnzTDvMPdHJhv8qbWejKiLzebD7i2taTyJxAze,0.0001719,0.02448,24465131,24465131,,HARAMBE,HARAMBE,https://dd.dexscreener.com/ds-data/tokens/solana/Fch1oixTPri8zxBnmdCEADoJW2toyFHxqDZacQkwdvSP.png
13,2024-10-08T16:22:36.426Z,ethereum,uniswap,https://dexscreener.com/ethereum/0x704ad8d95c12d7fea531738faa94402725acb035,0x704aD8d95C12D7FEA531738faA94402725acB035,0.00001415,0.03429,34290307,34290307,v2,Joe Coin,JOE,https://dd.dexscreener.com/ds-data/tokens/ethereum/0x76e222b07c53d28b89b0bac18602810fc22b49a8.png
14,2024-10-08T16:22:37.280Z,solana,raydium,https://dexscreener.com/solana/e61pedmewf8iuhfhmgn3wcj5p32dpjkdgo1unjjanrg1,E61pEDMEwf8iUHFhmGn3Wcj5P32DPjKDgo1UNjjaNrg1,0.0000001699,0.00002420,12090229,12090229,,CHONKY,CHONKY,https://dd.dexscreener.com/ds-data/tokens/solana/H7ed7UgcLp3ax4X1CQ5WuWDn6d1pprfMMYiv5ejwLWWU.png
15,2024-10-08T16:22:38.112Z,ethereum,uniswap,https://dexscreener.com/ethereum/0x69c7bd26512f52bf6f76fab834140d13dda673ca,0x69C7bd26512f52bF6F76faB834140D13Dda673Ca,0.00001223,0.02964,238662761,238662761,v2,Non-Playable Coin,NPC,https://dd.dexscreener.com/ds-data/tokens/ethereum/0x8ed97a637a790be1feff5e888d43629dc05408f6.png
16,2024-10-08T16:22:39.522Z,solana,raydium,https://dexscreener.com/solana/a6hd5bu6mnf6sfceq5vduhchivurgujwksmmvroqjn5z,A6hD5bU6Mnf6SfceQ5vduhchiVURGujwkSMmVroqJN5Z,0.00002662,0.003786,3655507,3655507,,iiii lovvv yuuuu,ily,https://dd.dexscreener.com/ds-data/tokens/solana/GJLiErro8cbWeDngDMWJug9dkwwckYZg4Lvb79F3pump.png
17,2024-10-08T16:22:40.159Z,solana,raydium,https://dexscreener.com/solana/hz6rzhc96ctvx3hqikodbsdord3lh5nelyuyxgu4f3ee,HZ6rzhC96cTVx3HQiKoDbSdoRd3LH5nELYuYXGu4f3EE,0.0000007294,0.0001038,103834,103834,,spinning cat,OIIAOIIA,https://dd.dexscreener.com/ds-data/tokens/solana/VaxZxmFXV8tmsd72hUn22ex6GFzZ5uq9DVJ5wA5pump.png
18,2024-10-08T16:22:40.989Z,solana,raydium,https://dexscreener.com/solana/clqufdyi7gcu16cd3f7xckwfhj9ssm8akuqzcdsd1vl3,CLQuFdYi7GCU16CD3F7xcKWfhj9SSm8aKuQZcdSD1vL3,0.0000002315,0.00003314,33053,33053,,tao,tao,https://dd.dexscreener.com/ds-data/tokens/solana/HM81dy4rm1HZwN5ggmcrt4ELJCxxc2pWaVqyqB8mT2go.png
19,2024-10-08T16:22:42.149Z,solana,raydium,https://dexscreener.com/solana/cw9dfotweuiwxyxvgnqfyhbryefgkvaqxegxkzg7d7x1,CW9DFoTWEUiwxyxVGnQFYhbrYEfGkvaqXEgxKZG7d7X1,0.0001858,0.02643,26431436,26431436,,Brainlet,BRAINLET,https://dd.dexscreener.com/ds-data/tokens/solana/8NNXWrWVctNw1UFeaBypffimTdcLCcD8XJzHvYsmgwpF.png
20,2024-10-08T16:22:43.065Z,ethereum,uniswap,https://dexscreener.com/ethereum/0x68b44c26874998adbd41a964e92315809524c7cb,0x68b44c26874998AdbD41a964e92315809524c7cB,0.00002060,0.04991,45114917,45114917,v2,ZynCoin,ZYN,https://dd.dexscreener.com/ds-data/tokens/ethereum/0x58cb30368ceb2d194740b144eab4c2da8a917dcb.png
21,2024-10-08T16:22:44.498Z,solana,raydium,https://dexscreener.com/solana/5mycuaxmqw1mcue18ry6gbwuqhtk1f4gxj9j7vrj34hj,5mYCuaXmqW1McUe18Ry6gbWUQhtk1f4GxJ9j7vRj34HJ,0.00004760,0.006774,6772464,6772464,,monkeyhaircut,monk,https://dd.dexscreener.com/ds-data/tokens/solana/FYa25XnBsXQXAdTnsyKBKd5gZ1VZhChBRF57CqfRxJZX.png
22,2024-10-08T16:22:45.362Z,solana,raydium,https://dexscreener.com/solana/hmgqpnrvb7g7yk2k4pbk88zd9igqs7trydqw2h9jkomo,HmGqPnrVb7g7YK2k4PBK88zd9igqS7tRYdQw2h9jkomo,0.000001901,0.0002711,271041,271041,,retard cat,tard,https://dd.dexscreener.com/ds-data/tokens/solana/78PFcG83Vmf5zspcfTEHAzRKvqZ7hM7VEDqQJ8i1pump.png
23,2024-10-08T16:22:46.370Z,solana,raydium,https://dexscreener.com/solana/cyfewmeeta5qvpffnedvj3xhincefzwjxqm8qdjkzvvc,CyFewMeEtA5qvPFFnEDVJ3XhiNCEFzWJxQm8qDjkzVvC,0.00002010,0.002858,2858428,2858428,,Yakub: Creator of the White Race,YAKUB,https://dd.dexscreener.com/ds-data/tokens/solana/7iagMTDPfNSR5zVcERT1To7A9eaQoz58dJAh42EMHcCC.png
24,2024-10-08T16:22:47.642Z,solana,raydium,https://dexscreener.com/solana/3wnq5vszt7p3zqkmkg9gqfpumclb2b8p7jgaoxzufgmi,3wNq5vSzt7P3zqKmkg9GQFpuMCLB2b8P7jgaoxZufGmi,0.00003825,0.005440,5337636,5337636,,Rawr,XD,https://dd.dexscreener.com/ds-data/tokens/solana/DEJiPKx5GActUtB6qUssreUxkhXtL4hTQAAJZ7Ccw8se.png
25,2024-10-08T16:22:49.471Z,solana,raydium,https://dexscreener.com/solana/424kbbjyt6vksn7gekt9vh5yetutr1sbeyoya2nmbjpw,424kbbJyt6VkSn7GeKT9Vh5yetuTR1sbeyoya2nmBJpw,0.0003446,0.04902,44110952,44110952,,SIGMA,SIGMA,https://dd.dexscreener.com/ds-data/tokens/solana/5SVG3T9CNQsm2kEwzbRq6hASqh1oGfjqTtLXYUibpump.png
26,2024-10-08T16:22:50.100Z,ethereum,uniswap,https://dexscreener.com/ethereum/0xe945683b3462d2603a18bdfbb19261c6a4f03ad1,0xe945683B3462D2603a18BDfBB19261C6a4f03aD1,0.0000000003815,0.0000009240,61253349,61438169,v2,BOBO,BOBO,https://dd.dexscreener.com/ds-data/tokens/ethereum/0xb90b2a35c65dbc466b04240097ca756ad2005295.png
27,2024-10-08T16:22:51.081Z,solana,raydium,https://dexscreener.com/solana/hypxcaat9ybu7vya5burgprsa23hmvdkqxtsud5gqwdc,HYpXCaAT9YBu7vYa5BURGprsa23hmvdkqXtSUD5gQWdc,0.0002746,0.03906,34218302,34218302,,mini,mini,https://dd.dexscreener.com/ds-data/tokens/solana/2JcXacFwt9mVAwBQ5nZkYwCyXQkRcdsYrDXn6hj22SbP.png
28,2024-10-08T16:22:51.719Z,solana,raydium,https://dexscreener.com/solana/x131b3frgn4b8ue51eyvrnzwutubgom93uryrnteefy,X131b3frGn4b8ue51EyvrnzWuTuBGoM93uRYrNteEFy,0.0001236,0.01758,17583611,17583611,,SAD HAMSTER,HAMMY,https://dd.dexscreener.com/ds-data/tokens/solana/26KMQVgDUoB6rEfnJ51yAABWWJND8uMtpnQgsHQ64Udr.png
29,2024-10-08T16:22:52.511Z,solana,raydium,https://dexscreener.com/solana/7nkjejnmbo8cnwqhpvunpbqmqztsdogej3rwy5rgevv4,7NKJEjnmbo8CnwQHPVunPbQMqZtSDogej3RwY5rgEVV4,0.000003937,0.0005606,560623,560623,,Apple Cat,acat,https://dd.dexscreener.com/ds-data/tokens/solana/acatzTjUeHDT3SoufN6NMxGUmBFtoqFHnFwusdw8kYX.png
30,2024-10-08T16:22:53.115Z,solana,raydium,https://dexscreener.com/solana/83g6vzjzlrcnhbslatj94vcprimyyqwun6zfl11mcadl,83G6VzJzLRCnHBsLATj94VCpRimyyqwuN6ZfL11McADL,0.0001463,0.02081,20818493,20818493,,nubcat,nub,https://dd.dexscreener.com/ds-data/tokens/solana/GtDZKAqvMZMnti46ZewMiXCa4oXF4bZxwQPoKzXPFxZn.png
31,2024-10-08T16:22:54.011Z,solana,raydium,https://dexscreener.com/solana/c7a1n3xagvquevtpfrbtpjanexrlvovjxvzcz5qerpux,C7a1n3xaGVqUevtpfRbTpJanEXRLVoVjxVZcZ5qeRPux,0.0000002828,0.00004023,40231,40231,,CHAD,CHAD,https://dd.dexscreener.com/ds-data/tokens/solana/C7xGvy9yE6FF2AYgJi2CCdRoUnPZLPhADRJgAQP3pump.png
32,2024-10-08T16:22:54.596Z,solana,raydium,https://dexscreener.com/solana/erfrxgdowwv72ttbss8nk4wxlgfvea7qq1iqz8vsoaxg,ERFrxGDowWv72tTBsS8nk4wXLgfvea7QQ1iQZ8VsoaxG,0.00003721,0.005299,529837,529837,,huh cat,HUHCAT,https://dd.dexscreener.com/ds-data/tokens/solana/6Ra49aqZTbEurJB1UQgAj1TjvbqajGP5um7gsTym8tWm.png
33,2024-10-08T16:22:55.695Z,solana,raydium,https://dexscreener.com/solana/atwmaa6t9t8cq8xccccfpgdnnqyxhscunuy6wvri7fke,AtWMAA6T9t8cq8XCccCFPGDNNQYXhScuNuY6WVRi7FKe,0.0002969,0.04223,41996968,41996968,,LOCK IN,LOCKIN,https://dd.dexscreener.com/ds-data/tokens/solana/8Ki8DpuWNxu9VsS3kQbarsCWMcFGWkzzA8pUPto9zBd5.png
34,2024-10-08T16:22:56.666Z,solana,raydium,https://dexscreener.com/solana/dlxrjezjgm7u35mtrbpg38ccbad2jjrcrhwcszd6bkwf,DLXrjEzjgm7u35MTRbpG38CcBAD2JjRCRhwCszd6bKwf,0.09907,14.10,34893544,34893544,,PUPS,PUPS,https://dd.dexscreener.com/ds-data/tokens/solana/PUPS8ZgJ5po4UmNDfqtDMCPP6M1KP3EEzG9Zufcwzrg.png
35,2024-10-08T16:22:57.237Z,ethereum,uniswap,https://dexscreener.com/ethereum/0xa5b0f8ca80840c474e1554cf2cd6726ce1284d9d,0xA5b0f8Ca80840c474E1554cf2cD6726Ce1284D9d,0.0001105,0.2679,2266889,2266889,v2,Honey Badger,HOBA,https://dd.dexscreener.com/ds-data/tokens/ethereum/0x25cbb21a9da7c3c63bb77ccca5b2e2482aedb710.png
36,2024-10-08T16:22:58.310Z,solana,raydium,https://dexscreener.com/solana/g7ekgxy38naqlzektmcde6gagleo6bzhmbhemhhuwtac,G7ekgXY38naqLzektMCdE6GaGLEo6bzHMbhEmhhuWTaC,0.000002668,0.0003797,3796306,3796306,,el gato,ELGATO,https://dd.dexscreener.com/ds-data/tokens/solana/F47vvwFYuLioQsqEVAjqdY6Yihc8wVRiUcfHGcBR9XUs.png
37,2024-10-08T16:23:00.393Z,ethereum,uniswap,https://dexscreener.com/ethereum/0xc715a91f98a3370c8806b54c1a4738d85753848b,0xC715a91F98a3370c8806B54C1a4738d85753848B,0.000001683,0.004080,4060618,4060618,v2,Lockheed Martin Inu,LMI,https://dd.dexscreener.com/ds-data/tokens/ethereum/0xaf05ce8a2cef336006e933c02fc89887f5b3c726.png
38,2024-10-08T16:23:01.398Z,solana,raydium,https://dexscreener.com/solana/5elrsn6qdqtqsbf8kdw4b8mvpeeazhccwadptzmyszxh,5eLRsN6qDQTQSBF8KdW4B8mVpeeAzHCCwaDptzMyszxH,0.0006080,0.08648,86442409,86442409,,RETARDIO,RETARDIO,https://dd.dexscreener.com/ds-data/tokens/solana/6ogzHhzdrQr9Pgv6hZ2MNze7UrzBMAFyBBWUYp1Fhitx.png
39,2024-10-08T16:23:02.494Z,ethereum,uniswap,https://dexscreener.com/ethereum/0x15abc0a88b462ed37c89fbcd2bc0d6bd8a94f22d,0x15abc0a88b462eD37C89FbCD2Bc0D6bD8a94f22D,0.000006295,0.01525,13550418,13550418,v2,CSI888,CSI,https://dd.dexscreener.com/ds-data/tokens/ethereum/0x888c1a341ce9d9ae9c2d2a75a72a7f0d2551a2dc.png
40,2024-10-08T16:23:03.374Z,ethereum,uniswap,https://dexscreener.com/ethereum/0x3d2823307ddd7e21334ac3d09c5dd73263d81074,0x3d2823307dDD7e21334aC3D09c5dD73263d81074,0.000000002443,0.000005924,2492351,2492351,v2,Snap: first space coin,SNAP,https://dd.dexscreener.com/ds-data/tokens/ethereum/0x284b25d8f199125da962abc9ee6e6b1b6715cae3.png
41,2024-10-08T16:23:04.064Z,solana,raydium,https://dexscreener.com/solana/9vix1vducteoc2wertsp2tudxxpwaf69aeet8enpjpsn,9ViX1VductEoC2wERTSp2TuDxXPwAf69aeET8ENPJpsN,0.0001917,0.02723,26232997,26232997,,aura,aura,https://dd.dexscreener.com/ds-data/tokens/solana/DtR4D9FtVoTX2569gaL837ZgrB6wNjj6tkmnX9Rdk9B2.png
42,2024-10-08T16:23:05.107Z,solana,raydium,https://dexscreener.com/solana/grvb7kknaku1164ktyez16f7qpcru2icxwt5n4f7vfgw,GrVb7KKNAku1164KtYEz16f7qpCRU2icXwt5n4F7VFGW,0.00001663,0.002365,2365420,2365420,,Chinese Stock Market,SSEC,https://dd.dexscreener.com/ds-data/tokens/solana/HCq9orwso55TowciCZkD3Yb7c74iHYRGvQrubz4ppump.png
43,2024-10-08T16:23:06.139Z,solana,raydium,https://dexscreener.com/solana/81e14mt778wvykypavcwoaqzsit87vhbozqxmygbaban,81E14MT778WvYKYpavCWoaqzSiT87VhboZqXmYgbABan,0.00001528,0.002176,1596331,1596331,,real fast,speed,https://dd.dexscreener.com/ds-data/tokens/solana/5Wd2ALxQfnpgQKCyH4WL9giBiiuuLuJs84CJxfQccvmN.png
44,2024-10-08T16:23:07.208Z,solana,raydium,https://dexscreener.com/solana/gh8ers4yzkr3ukdvgvu8cqjfgzu4cu62mteg9bcj7ug6,GH8Ers4yzKR3UKDvgVu8cqJfGzU4cU62mTeg9bcJ7ug6,0.001777,0.2524,140299264,140299264,,michi,$michi,https://dd.dexscreener.com/ds-data/tokens/solana/5mbK36SZ7J19An8jFochhQS4of8g6BwUjbeCSxBSoWdp.png
45,2024-10-08T16:23:07.810Z,base,uniswap,https://dexscreener.com/base/0x377feeed4820b3b28d1ab429509e7a0789824fca,0x377FeeeD4820B3B28D1ab429509e7A0789824fCA,0.000001923,0.004660,46602996,46602996,v2,Keyboard Cat,KEYCAT,https://dd.dexscreener.com/ds-data/tokens/base/0x9a26f5433671751c3276a065f57e5a02d2817973.png
46,2024-10-08T16:23:08.620Z,solana,raydium,https://dexscreener.com/solana/84wgswwhiz7cw7pd1nrz9tohunirkjxqq8d8fr8wptpo,84wGswWhiz7Cw7Pd1NRZ9toHUNiRkJxqq8d8FR8WPtPo,0.00003176,0.004518,4518165,4518165,,bro the cat,bro,https://dd.dexscreener.com/ds-data/tokens/solana/33rVymHHPxfMvg4EHKBRF3h8a37cG7Et3eQWZzAkpump.png
47,2024-10-08T16:23:09.544Z,solana,raydium,https://dexscreener.com/solana/fvmzrd1qc66zw8vprw15xn1n5owupqpqgnq5oh18mr4e,FvMZrD1qC66Zw8VPrW15xN1N5owUPqpQgNQ5oH18mR4E,0.0000003298,0.00004691,109304109,109304109,,Mumu the Bull,MUMU,https://dd.dexscreener.com/ds-data/tokens/solana/5LafQUrVco6o7KMz42eqVEJ9LW31StPyGjeeu5sKoMtA.png
48,2024-10-08T16:23:10.798Z,solana,raydium,https://dexscreener.com/solana/6uspebbn94duylui4a2wo3azdcyozon1plgyu27jzpkx,6USpEBbN94DUYLUi4a2wo3AZDCyozon1PLGYu27jzPkX,0.0006270,0.08918,89175737,89175737,,Smoking Chicken Fish,SCF,https://dd.dexscreener.com/ds-data/tokens/solana/GiG7Hr61RVm4CSUxJmgiCoySFQtdiwxtqf64MsRppump.png
49,2024-10-08T16:23:11.530Z,solana,raydium,https://dexscreener.com/solana/6nshjidfkxg9tzcpcen4g9ytkwatelcjmf73vamxewab,6NSHJiDFKXg9tzCpceN4G9YTKWATELCJmF73VaMxEwAb,0.000001061,0.0001507,150754,150754,,NASDAQ420,QQQ420,https://dd.dexscreener.com/ds-data/tokens/solana/14wsLiQvpaV5LRibdE54JUVfLh7gzjWEkQwvYXgpump.png
50,2024-10-08T16:23:12.999Z,solana,raydium,https://dexscreener.com/solana/cuuiebgrxy5bnjojjuxcpcqxcxucs6jsdnsetvpzpje3,CuUieBgrxY5bnJoJJUxcpCQxcxuCs6JSdNseTVPZpJe3,0.000003598,0.0005111,215016,215016,,TRUMPâ€™S HAT,MAGA,https://dd.dexscreener.com/ds-data/tokens/solana/AwduJQUJoSCZm5BUdhF99iZkUTUGHU34TPft8w5kNbw1.png
51,2024-10-08T16:23:13.589Z,ethereum,uniswap,https://dexscreener.com/ethereum/0x2e193ef33357c50d92d8f27b1f9fc6c2bf278dff,0x2E193Ef33357c50d92D8f27b1F9Fc6C2BF278DfF,0.0000009113,0.002209,2056984,2056984,v2,dancing triangle,triangle,https://dd.dexscreener.com/ds-data/tokens/ethereum/0x9a594f5ed8d119b73525dfe23adbceca77fd828d.png
52,2024-10-08T16:23:14.151Z,solana,raydium,https://dexscreener.com/solana/gzqckvytrfnuipuks5swypufb2fhqhcjazpkgywuntng,GZqCkvYTrfNUiPuKs5sWYPuFb2FHqHCJazPkGYWunTng,0.00003120,0.004438,4415326,4415326,,glorp,glorp,https://dd.dexscreener.com/ds-data/tokens/solana/FkBF9u1upwEMUPxnXjcydxxVSxgr8f3k1YXbz7G7bmtA.png
53,2024-10-08T16:23:15.748Z,solana,raydium,https://dexscreener.com/solana/6ystrmx88o9fpzrwpvpquexjdrgs1656k13gp6yxcyrq,6YstrMX88o9FpZrWPVPqueXJdrgS1656K13gP6YXcYRq,0.0000005158,0.00007345,73451,73451,,BIAO,BIAO,https://dd.dexscreener.com/ds-data/tokens/solana/Av2Li45X1YaQUkXvm4VYWgdWYTFmG41YKnXULSEWZwof.png
54,2024-10-08T16:23:16.563Z,solana,raydium,https://dexscreener.com/solana/ekawjsixmtai5vrr3fpra69c7d8tt6xd4rtlb3kxaqpp,EkawjsiXMtai5VRr3fpra69C7D8tt6xD4RtLb3KXaqpp,0.00005327,0.007567,7567742,7567742,,Cheeseball,CB,https://dd.dexscreener.com/ds-data/tokens/solana/3BeJ9zCgQhaqKMu2HgKJ79yQBChD1Pf3hPwRX44fpump.png
55,2024-10-08T16:23:18.819Z,ethereum,uniswap,https://dexscreener.com/ethereum/0x8c6369252e4b54c212471303c3a6e6017be9ad62,0x8C6369252e4B54C212471303C3a6E6017be9ad62,0.0000000007392,0.000001790,753052,753052,v2,Non-Playable Inu,NPI,https://dd.dexscreener.com/ds-data/tokens/ethereum/0x80034f803afb1c6864e3ca481ef1362c54d094b9.png
56,2024-10-08T16:23:19.671Z,solana,raydium,https://dexscreener.com/solana/1d5ghszrcasxltuyxscg4vwhdkgd7hfnasypipfyfgx,1D5GHSzrcaSXLtUYxSCg4vWHdKGd7hFnasYPiPFYFGX,0.00000003079,0.000004374,4367869,4367869,,cok the cat,COK,https://dd.dexscreener.com/ds-data/tokens/solana/Dnb9dLSXxAarXVexehzeH8W8nFmLMNJSuGoaddZSwtog.png
57,2024-10-08T16:23:20.521Z,ethereum,uniswap,https://dexscreener.com/ethereum/0x5ced44f03ff443bbe14d8ea23bc24425fb89e3ed,0x5CEd44F03ff443BBE14d8eA23bc24425FB89E3ED,0.0000002296,0.0005565,180948988,188038494,v2,Apu Apustaja,APU,https://dd.dexscreener.com/ds-data/tokens/ethereum/0x594daad7d77592a2b97b725a7ad59d7e188b5bfa.png
58,2024-10-08T16:23:21.203Z,solana,raydium,https://dexscreener.com/solana/5ffoyq4q8qxe64v3dax64ir7yiuwsxxrjy2qxduet1st,5FFoYq4q8Qxe64V3DAx64ir7YiuwsXXrJy2qXDuEt1St,0.00001299,0.001846,1661673,1661673,,Invisible Cat,Kieth,https://dd.dexscreener.com/ds-data/tokens/solana/Ffs23XgzXViCtB4Hhb9K1tHMi42RDbaaN8xVvP7YCggm.png
59,2024-10-08T16:23:21.881Z,ethereum,uniswap,https://dexscreener.com/ethereum/0x0f23d49bc92ec52ff591d091b3e16c937034496e,0x0F23d49bC92Ec52FF591D091b3e16c937034496E,0.0000004084,0.0009901,68737267,68737267,v2,Wojak Coin,WOJAK,https://dd.dexscreener.com/ds-data/tokens/ethereum/0x5026f006b85729a8b14553fae6af249ad16c9aab.png
60,2024-10-08T16:23:22.396Z,solana,raydium,https://dexscreener.com/solana/7skuj5yumgtpaibmgqydakb8dvdfubeosd8gauxs5jek,7SKUJ5YuMgTPaiBMgqyDAKb8dVdfuBEoSD8gauXS5jEk,0.00000001858,0.000002659,2628,2628,,Roaringsharkcat,RSC,https://dd.dexscreener.com/ds-data/tokens/solana/A2693BGk6cBY6b7Rwe9LQXhm1c8U9QqFv1CjRXjqpUGN.png
61,2024-10-08T16:23:23.302Z,solana,raydium,https://dexscreener.com/solana/8tzytnthhufym5xyssza5ne6dh4bf3ieumv6k6shtyav,8tZYtnThHuFYM5XYSsZA5Ne6Dh4bf3iEumv6k6ShTyaV,0.0000008328,0.0001187,116706,116706,,Fucktard,Fcktard,https://dd.dexscreener.com/ds-data/tokens/solana/CSGB1SJtMtzFAKcmMVCnACRFBwgExnRK9F5jpWSDpump.png
62,2024-10-08T16:23:23.946Z,solana,raydium,https://dexscreener.com/solana/4fkwckxxg92sczlzkrqghaf1wby1ndnhjxadnvdjcexh,4fkwcKxxg92sczLZkrQGHAf1WBY1nDnHJxadNvDJcExH,0.00002922,0.004167,416690,416690,,Albemarle,ALBEMARLE,https://dd.dexscreener.com/ds-data/tokens/solana/FEj9JuKq7JMLtvZF3EetVNd5ufU2vPA4ZDiVGaUbiRkj.png
63,2024-10-08T16:23:24.625Z,solana,raydium,https://dexscreener.com/solana/2mznfiqffg5l5eukwc7ebposbwz8u4adcgmsgtisbhgp,2mZNfiQffg5L5eUkWC7eBPoSBWZ8U4AdcgmSGTisbhGP,0.000006100,0.0008676,867656,867656,,Fish In Condom,FIC,https://dd.dexscreener.com/ds-data/tokens/solana/4DEFCb5t4Ww2YScco6mUhQNCpkB76ps1ev8nbNfvpump.png
64,2024-10-08T16:23:25.575Z,solana,raydium,https://dexscreener.com/solana/cjeht2mkqe9yzcvxquwtfdrtz1ngh3mpgvqnnomvzqz4,CjEHT2mKqE9yZcVxqUWtFdrtZ1NgH3MpGVqNNomVZqZ4,0.000003076,0.0004385,438523,438523,,change my mind,cmm,https://dd.dexscreener.com/ds-data/tokens/solana/HHXiCPngVuRtZpHNPvwDPcytaGENmFL3g41tWavfpump.png
65,2024-10-08T16:23:26.586Z,solana,raydium,https://dexscreener.com/solana/fy6bgzloec7huy2t2wzfq7trmgqlxovi87snu5rpzkhh,FY6bgZLoEc7HUy2T2WZfq7TRMGQLXovi87SnU5rpZkhH,0.000001987,0.0002831,281912,281912,,Bubble Buddy,BB,https://dd.dexscreener.com/ds-data/tokens/solana/5EgzypuMLFUBDacgZqJcuL7eKtpSJuKgNu7i7Kdypump.png
66,2024-10-08T16:23:27.679Z,solana,raydium,https://dexscreener.com/solana/36vvctrnz4fnqid8qmpq2zbhtpsjuz5yh25evnwpfqvd,36VvCtRNz4fnQiD8QMPq2zBhtpSJuz5Yh25EvNWPFqvD,0.2628,37.40,290359,290359,,Horse Meat,HorseMeat,https://dd.dexscreener.com/ds-data/tokens/solana/2FprjEk4MTSY9CxpKuENbGDdy69R15GHhtHpG5Durdbq.png
67,2024-10-08T16:23:28.451Z,solana,raydium,https://dexscreener.com/solana/41u2qpktgja6vvrphzz5x49w1aaharpshyx7xwnvzecg,41U2qpKTgjA6vVRPHZz5x49w1AaharpShyX7xwnvzecG,0.00002552,0.003633,239283,239283,,Dow Jones,DJX,https://dd.dexscreener.com/ds-data/tokens/solana/F62aBJWCCtuAc7xrwsXSvKRnSZozUrADo3Z2WUnim5aV.png
1,2024-10-08T16:24:46.781Z,ethereum,uniswap,https://dexscreener.com/ethereum/0x52c77b0cb827afbad022e6d6caf2c44452edbc39,0x52c77b0CB827aFbAD022E6d6CAF2C44452eDbc39,0.0002185,0.5292,492699296,492699296,v2,SPX6900,SPX,https://dd.dexscreener.com/ds-data/tokens/ethereum/0xe0f63a424a4439cbe457d80e4f4b51ad25b2c56c.png
2,2024-10-08T16:24:47.504Z,ethereum,uniswap,https://dexscreener.com/ethereum/0x977c5fcf7a552d38adcde4f41025956855497c6d,0x977C5fcf7a552d38ADCDE4F41025956855497C6D,0.00000005283,0.0001280,12807618,12807618,v2,Real Smurf Cat,SMURFCAT,https://dd.dexscreener.com/ds-data/tokens/ethereum/0xff836a5821e69066c87e268bc51b849fab94240c.png
3,2024-10-08T16:24:48.337Z,solana,raydium,https://dexscreener.com/solana/5utwg3y3f5cx4ykodgtjwehdrx5hdkz5bzz72x8eq6ze,5uTwG3y3F5cx4YkodgTjWEHDrX5HDKZ5bZZ72x8eQ6zE,0.001999,0.2838,154459356,157717238,,PONKE,PONKE,https://dd.dexscreener.com/ds-data/tokens/solana/5z3EqYQo9HiCEs3R84RCDMu2n7anpDMxRhdK8PSWmrRC.png
